country,agricultural_land_percent,forest_land_percent,trade_in_services_percent,control_of_corruption_estimate,access_to_electricity_percent,renewvable_energy_consumption_percent,co2_emisions,inflation_annual_percent,goverment_effectiveness_estimate,doing_business,individuals_using_internet_percent,gdp_current_us,political_stability_estimate,rule_of_law_estimate,government_expenditure_on_education_percent,government_health_expenditure_percent,life_expectancy_at_birth,population,voice_and_accountability_estimate,intentional_homicides,income_group,continent
Afghanistan,58.18499609033624,1.85278199408184,9.986544178161868,-1.469776391983032,91.60617553710938,18.626,10317.302,2.3253311920603004,-1.419073677062988,173.0,13.431999999999999,18571383559.94358,-2.685084772109986,-1.609911799430844,4.047653436660767,0.563077604,63.0914,35697881.4,-1.0319571852684022,7.478469085672202,Low,Asia
Albania,42.90775182481752,28.796131386861298,38.28999471615432,-0.5212969958782196,99.952,38.562,5016.66,1.7194834923127118,0.03506062962114812,82.0,62.57007822400001,13365205859.6094,0.3059098809957504,-0.3785382688045504,3.6161929607391357,2.780139304,79.0034,2870165.6,0.1724985659122466,2.306497449632328,Upper_middle,Europe
Algeria,17.366007588566497,0.8165455437849879,8.482358100354658,-0.6451109170913695,99.49152984619141,0.126,160749.63999999998,4.599003226888572,-0.4935854375362396,157.0,47.370524932,168556277154.4472,-1.0016188621521012,-0.8907714128494263,6.814118862152098,4.33111439,75.9274,41130280.8,-0.9321102976799018,1.313643535092792,Upper_middle,Asia
Andorra,40.03578723404256,34.0425531914894,87.5795534623769,1.167776584625244,100.0,18.936,474.8544,,1.83082721233368,,89.97153309000001,3012044749.990398,1.421968770027158,1.52166793346405,3.2263679981231674,5.1823408120000005,,73895.8,1.137696480751038,0.0,High,Europe
Angola,36.74564851207187,54.7626261329911,18.290758638398962,-1.322532534599304,43.52303143310548,52.69,26850.940000000002,21.321134828892276,-0.9969705820083616,177.0,26.465878394000004,73459368768.65634,-0.3867892622947692,-1.0201132774353021,2.4879162311553964,1.18462391,61.6038,30223643.2,-1.0217013597488398,4.28024173506161,Lower_middle,Africa
Antigua and Barbuda,20.4545454545455,18.9,95.3791571813808,0.3923984974622726,100.0,0.53,501.68,1.1101114937017378,0.051601105928420966,113.0,79.56921044,1569096296.2962961,0.8679522514343262,0.4347968935966494,3.027732610702516,2.84499664,78.30699999999999,91073.4,0.6296582460403443,12.767618432377963,High,South America
Argentina,43.109392689709104,10.558594506502379,6.664041383771147,-0.2788480743765832,99.91650238037109,10.081999999999999,178606.52,,0.042426948249340186,126.0,74.190780766,553696915066.5864,0.05560021465644249,-0.390936669707298,5.286251926422122,6.207370854,76.83680000000001,44040071.8,0.5088862359523774,5.670525922372342,Upper_middle,South America
Armenia,58.89638215665612,11.559536354056899,33.19479662846244,-0.5081491112709043,99.88,11.584,5537.84,1.4522634660294855,-0.2580855399370192,47.0,64.596149964,11740832739.38056,-0.48442515134811404,-0.2417562395334246,2.61988010406494,1.453282524,74.90180000000001,2850702.4,-0.35049799904227263,2.489297526080444,Upper_middle,Europe
Australia,46.3953670479775,17.403171008267798,9.822807667106058,1.7842458724975578,100.0,9.598,393798.88,1.6512347786876842,1.532121777534486,14.0,88.25109658400001,1342127389136.2622,0.9341753840446483,1.7041984558105459,5.199847984313966,7.275718402,82.59951219512196,24579514.8,1.35011866092682,0.9093712530668178,High,Asia
Austria,32.34920019389238,47.12043141056716,29.66289779936514,1.511917209625244,100.0,34.296,64089.740000000005,1.4797399315186783,1.4685125827789318,27.0,86.28616262199999,418931396669.675,0.9655764102935788,1.818232989311218,5.350368118286134,7.643906786,81.61268292682928,8779474.8,1.368595957756042,0.752562461198675,High,Europe
Azerbaijan,57.777226873981,13.28687780008498,26.64805005431024,-0.882675051689148,100.0,1.9460000000000002,32843.759999999995,6.85721954926602,-0.1725028216838838,28.0,79.019998912,45419312987.10622,-0.7399130463600161,-0.6141761302947998,2.79215998649597,1.134983386,72.313,9845048.0,-1.542803692817688,1.844497399756768,Upper_middle,Europe
Bahamas,1.2987012987013,50.9350649350649,43.21724056625104,1.09952311515808,100.0,1.262,2367.2799999999997,1.5580823692947205,0.5694945454597472,119.0,82.458655326,12277900000.0,0.8961427330970764,0.21656524688005446,2.6153619289398202,2.956898024,73.0568,398831.2,0.8664867639541625,28.382035518399903,High,South America
Bahrain,10.487887894011699,0.821547427363994,53.43690541515838,-0.06521717756986613,100.0,0.0,31023.920000000002,1.823125726605084,0.2568625867366792,43.0,97.140518842,35042942340.42552,-0.8585703849792472,0.41964600086212156,2.689528942108154,2.704215174,79.7054,1442033.0,-1.383820819854738,0.3039448179810078,High,Asia
Bangladesh,73.76827225935315,14.4687716063609,4.655841909121612,-0.9067565798759454,83.40755102539063,28.304000000000002,86106.68000000001,5.709098781624658,-0.7455080628395081,168.0,20.4,285337454366.3266,-1.1274630904197689,-0.6834667444229126,1.856226754188538,0.5428793900000001,71.74839999999999,161721742.4,-0.6389559507369994,2.3343386826647228,Lower_middle,Asia
Barbados,23.72093023255816,14.6511627906977,44.38822652489903,1.313644790649414,100.0,2.9859999999999998,1235.55,2.520685318864372,0.7622339367866513,128.0,80.62179791999999,5004190000.0,0.9925354480743414,0.6285032093524938,4.796157360076906,3.0139933579999996,76.94500000000001,279157.4,1.0998420238494862,11.386297201458508,High,South America
Belarus,41.81784735180004,42.9194451450129,22.86455649750404,-0.18566476525738823,98.7014129638672,7.168000000000001,56654.5,8.374673187601278,-0.3663667231798172,49.0,73.939778172,56669006674.5494,0.1775534436106682,-0.8548585891723635,4.977929973602295,3.97710929,73.99658536585369,9449597.4,-1.386199641227724,2.730385420416908,Upper_middle,Europe
Belgium,44.36078335535006,22.7642007926024,45.88229309675408,1.457697057723998,100.0,9.825999999999999,93673.51999999999,1.630247445592819,1.301512289047242,46.0,87.634374048,504065584820.694,0.4552502453327178,1.369079875946046,6.410736083984373,8.260484311999999,81.5029268292683,11379362.0,1.348305988311766,,High,Europe
Belize,7.523016220955723,57.45383603682594,35.45964796338594,-0.2210897535085678,92.73020367431641,33.358000000000004,667.14,0.2813097118751544,-0.6416916966438293,135.0,48.0333616,2276309496.20737,0.0359129517804831,-0.8873077273368836,5.7847660064697255,4.041196776,73.5564,374607.6,0.5310185611248018,36.080442767862806,Upper_middle,South America
Benin,35.0301525363604,29.134001418942898,8.774902116363673,-0.47832015752792356,36.03075811767578,46.236000000000004,6840.06,0.2267850422895282,-0.6252247095108032,149.0,17.174185268,12912799906.377321,-0.11407246068119994,-0.6388004064559933,3.108405208587648,0.601329596,59.8732,11604154.8,0.27870090231299394,1.1274974068,Lower_middle,Africa
Bhutan,13.5490767087134,71.29925680241199,15.353982913476262,1.3545090794563304,98.46804260253906,84.15799999999999,1293.46,3.6347017500711845,0.40285911560058596,89.0,55.65588851,2414589159.425806,1.0624915838241582,0.5616787075996398,6.022029113769532,2.630895284,70.86240000000001,755742.2,0.013327973522245901,1.351502907458624,Lower_middle,Asia
Bolivia,34.907898864580446,47.55046986061112,11.67613483226622,-0.7322978258132936,92.6005644,13.996,21333.96,2.923437541292268,-0.5584724366664886,150.0,42.556150396,37126587479.015945,-0.3638630867004394,-1.20918447971344,8.099637985229492,4.575619412,67.6472,11434570.6,-0.04841318782418974,5.258783475463848,Lower_middle,South America
Bosnia and Herzegovina,43.125,42.581015625,14.52077968915716,-0.5418409109115601,99.93934234619141,27.788,21683.68,,-0.5940842807292939,90.0,63.563007721999995,18562862237.8965,-0.3968089401721956,-0.22138355374336238,,6.3459340079999995,76.8518,3441235.4,-0.1875803977251051,1.30554798503795,Upper_middle,Europe
Botswana,45.63315864697472,27.543274575194538,13.42563492829304,0.7532856702804566,66.41655755615234,25.736,7235.2447,3.039230079043514,0.3894857704639434,87.0,48.183033562000006,15695278759.184301,1.0146683812141422,0.40824260711669924,8.248820018768312,4.300810814,65.38419999999999,2402107.6,0.44157620668411235,,Upper_middle,Africa
Brazil,28.334105243511118,59.891516533582866,5.68382935194092,-0.47008902430534355,99.74218040000001,45.788,451252.6,5.722648878743642,-0.3148296236991882,124.0,66.203699754,1890328554023.266,-0.4734054446220396,-0.24412980079650862,6.1855119705200226,3.912337876,74.8096,208500442.6,0.40795732140541074,27.197014836849597,Upper_middle,South America
Brunei,2.5426944971537,72.1062618595825,17.107207323155478,0.654313039779663,100.0,0.01,7050.839999999999,-0.2786033218099228,1.1350835084915178,66.0,89.21333832799999,12699022957.45956,1.175186586380004,0.5439726233482363,4.42540979385376,2.240865182,74.733,430005.8,-0.885839331150055,,High,Asia
Bulgaria,46.295910095799556,35.51031687546058,25.690770088983538,-0.23409327268600483,97.97640533447267,18.316,42017.28,1.415317446637083,0.09239697847515341,61.0,62.524178456,59867427910.115234,0.281109633669257,-0.1133002743124959,3.924700593948362,4.15519209,74.86341463414637,7076511.6,0.3968738853931426,1.34352834563481,High,Europe
Burkina Faso,44.76388888888888,23.269005847953203,12.97324414306398,-0.1917736142873764,16.34678344726562,71.22999999999999,4643.8,0.27428661752691974,-0.6780028462409973,151.0,7.850361202,14139071539.85256,-0.9536266684532156,-0.46680243015289324,5.048576653003693,2.1641572239999998,59.5586,19834747.4,-0.06074108928442003,1.0057777489037332,Low,Africa
Burundi,77.68691588785046,10.8894080996885,11.235571881174966,-1.371844959259032,9.003361282348632,87.888,542.04,4.730688716432926,-1.385460162162782,166.0,2.4584383846,2743155872.988588,-1.8199214458465562,-1.41066253185272,5.250138854980466,2.286912966,61.32039999999999,11230875.6,-1.559323143959044,5.060708786159315,Low,Africa
Cabo Verde,19.6029776674938,11.12158808933002,47.07387370865304,0.8357051253318788,88.83241699218748,24.572,567.88,0.3742898578149078,0.20890477448701858,137.0,54.322275228,2010733155.52477,0.8364947676658632,0.41097737550735464,4.6160386085510225,3.19823594,75.7384,564749.2,0.9607330560684204,7.461278472220149,Upper_middle,Africa
Cambodia,32.78796680262858,48.35395422615,33.791252833597035,-1.290355467796326,77.05073477172851,57.23,12761.68,2.311473488469956,-0.681597673892975,144.0,33.901152117500004,22381009270.296577,0.07966556400060654,-1.048453593254091,2.1888510465621964,1.50485158,70.373,15821156.0,-1.16705105304718,,Lower_middle,Asia
Cameroon,20.6257536333058,43.38490829472616,11.99401740139838,-1.176413631439208,60.932913818359395,78.676,9171.58,1.542499020225294,-0.8482346296310427,167.0,25.668430874000002,36353587127.55028,-1.2212311148643484,-1.071141970157624,2.8716498851776118,0.325837026,60.693000000000005,24395309.0,-1.0755292296409604,3.725457238319137,Lower_middle,Africa
Canada,6.457569440494156,38.70794783165414,12.872993676717162,1.8381682872772198,100.0,22.038,565874.58,1.6736759466160702,1.733037996292112,23.0,92.08285372,1640564715764.84,1.1102040767669676,1.7611984729766839,4.835536003112795,7.6143298139999995,81.92921951219515,36604789.0,1.464356732368468,1.7717200407837659,High,North America
Central African Republic,7.877941506950468,35.94497415647374,,-1.259891271591186,13.8264514541626,91.846,215.54000000000002,2.965331334745886,-1.7849628210067738,184.0,4.5218322898,2007094865.8164322,-1.9949067115783699,-1.7608927965164198,1.7503529071807862,0.6583999859999999,53.873599999999996,5004871.0,-1.167117643356322,20.120400654,Low,Africa
Chad,39.9601334180432,3.695520965692502,,-1.434446406364442,9.260820960998544,72.826,1515.524,1.0700538612596335,-1.5457341670990001,182.0,6.612834257,10720536745.2421,-1.2779880762100206,-1.316821384429932,2.363612079620362,0.7659266220000001,52.412800000000004,15109963.8,-1.393676805496214,,Low,Africa
Chile,16.225987045614723,23.99619653222728,8.967463265187977,1.0290555596351614,99.8829688,24.887999999999998,86879.73999999999,3.062024026070148,0.8669141650199892,59.0,82.486649748,268481186030.298,0.3260038197040559,1.0046809434890756,5.359237957000734,4.438682508,80.12679999999999,18412703.0,1.001610469818114,3.673991693436694,High,South America
China,55.62287899859227,22.8246111793447,5.59419241474062,-0.2915451169013978,100.0,13.16,10227910.879999999,2.0008372390456737,0.446517676115036,32.0,56.21617626,12556050809406.582,-0.36915837228298176,-0.287905788421631,3.665189027786254,2.92934184,77.43100000000001,1394874000.0,-1.562267518043516,0.578507388617312,Upper_middle,Asia
Colombia,39.917476340693995,53.84688598467778,7.690244114781132,-0.3577690780162812,98.60623152871094,31.302,79751.86,4.716238663688464,-0.07539617717266074,67.0,61.086924788,309061852992.4268,-0.9051424741744996,-0.33069672584533677,4.488580036163333,5.462897206,76.57480000000001,48512344.2,0.12299474338069541,26.117694597886782,Upper_middle,South America
Comoros,71.4669532509404,18.3954862976894,17.135119479967422,-0.8193209648132331,78.7073455810547,57.674,262.34000000000003,,-1.69311008453369,160.0,10.064851418,1088024365.8872237,-0.1477142121642829,-1.0614575743675236,2.5450599193573,0.662791926,63.5476,761082.2,-0.4238467812538148,,Lower_middle,Africa
Costa Rica,34.89228358793578,58.47563650607128,21.2876879731416,0.5853975296020508,99.5839608,34.464,7968.660000000001,1.3455142105940001,0.3028351247310638,74.0,70.381477766,60528564120.1365,0.5598033964633943,0.46983286142349245,6.869053936004638,5.315308478,79.36659999999999,4991911.0,1.1209579706191999,11.56392212203934,High,South America
Croatia,27.046672861125,34.4809113001215,33.948263833061766,0.10320812463760384,100.0,31.827999999999996,16768.739999999998,0.3623636910188236,0.4774967551231386,51.0,72.80258146,56476724393.71968,0.6803048372268679,0.2850782930850982,4.330935955047608,5.560861940000001,77.92390243902442,4131116.0,0.49211192131042464,0.8768945251054305,High,Europe
Cuba,60.56965827235577,31.0873754378513,,0.1111284889280795,99.38821655273438,21.895999999999997,26744.120000000003,,-0.14936835137195884,,53.616381841999996,95766298730.31271,0.6394483089447022,-0.48716961145401,9.007813135782877,10.480720139999999,77.61019999999999,11332650.4,-1.513505434989928,4.761211857720378,Upper_middle,South America
Cyprus,13.317430735930738,18.680303030303,94.55251331126826,0.7431137442588808,100.0,11.122,7164.38,-0.2617071337894192,0.934039282798766,54.0,79.771269554,23027327831.43284,0.5392232775688173,0.80135555267334,5.675047874450682,3.0286820420000002,81.2258,1208270.2,1.039478158950804,1.075842987298343,High,Europe
Czechia,45.46008128480466,34.6038231611914,22.54413605251714,0.5273880124092104,100.0,14.934000000000001,101632.51999999999,1.6881547302315016,0.9872349381446852,41.0,78.48486444,220896556136.39398,0.978475642204284,1.0440885663032513,4.784047985076905,6.139076326,78.96829268292683,10601725.4,0.9210385203361516,0.7502262840857921,High,Europe
Democratic Republic of the Congo,14.632848856443399,57.10476875234332,5.558719408263732,-1.439285612106324,17.92848922729494,96.444,2868.528,1.815025033840675,-1.619311118125918,183.0,9.362213518599999,42483162546.87276,-2.081613349914554,-1.7160037279129021,1.9146933158238733,0.5370087619999999,59.437,84273079.8,-1.399117946624756,,Low,Africa
Denmark,65.74382,15.645,42.08332771481438,2.17143521308899,100.0,34.269999999999996,33011.8,0.6841814726469754,1.8094916105270378,4.0,97.15265763,330250003667.85803,0.898836362361908,1.861927604675292,7.10261297225952,8.550588608,81.01268292682929,5756906.2,1.5457317590713502,1.0910570486572415,High,Europe
Djibouti,73.46074201898185,0.2428817946505606,58.74080546197482,-0.7363405823707583,61.25596588134764,26.183999999999997,417.718,1.185271809483238,-0.9896036863327036,112.0,45.34467506,2758849743.81193,-0.45741916894912704,-0.9551707506179815,3.7515224814415,1.2502103679999998,62.6136,1040189.0,-1.395482945442198,,Lower_middle,Asia
Dominica,33.3333333333333,63.826666666666696,61.371499382165915,0.585240995883942,98.58512115478518,9.034,173.68,0.4176113576289544,-0.076879197359085,111.0,68.7579043175,560965185.1851852,1.0607090115547195,0.6867668509483338,4.79862904548645,3.5141206259999995,70.7058,70547.2,0.8655876755714418,19.846401763753498,Upper_middle,South America
Dominican Republic,50.44425427027742,44.02466452849704,15.306705675543881,-0.8280284523963928,99.0720728,15.580000000000002,24575.3,2.2211014793053834,-0.3617614209651946,115.0,68.03907575000001,80272856743.46634,0.12598870662041003,-0.4084975361824036,3.8671491146087638,2.566493416,73.1624,10645616.2,0.1600033134222032,11.53000068583362,Upper_middle,South America
Ecuador,22.2845868899984,51.0977613142213,6.38485794852897,-0.6233509540557864,98.90317660000001,15.786000000000001,39927.18,1.2308311447852676,-0.36302432417869557,129.0,55.100671704,103838791200.0,-0.1302096396684646,-0.7059028983116148,4.564564228057862,4.606532764,76.98299999999999,16738368.6,-0.11957226814702152,6.162337952085022,Upper_middle,South America
Egypt,3.8466244010246617,0.045876739163192515,13.174490142542103,-0.571329438686371,99.86,5.308,232428.24,15.448994065268028,-0.49210829734802236,114.0,45.644971588,298287702873.2854,-1.336281394958498,-0.43345148563385,3.93084812164307,1.570640612,71.0708,101731330.2,-1.282899284362792,1.5407536435960267,Lower_middle,Asia
El Salvador,58.240347490347496,28.83108108108106,18.0939286814308,-0.5321210503578186,96.512,21.863999999999997,7045.039999999999,0.41013455471713084,-0.40756676793098456,91.0,36.782320196,25102170000.0,-0.1796745896339417,-0.8085026979446412,3.690641975402832,4.6995305080000005,72.25280000000001,6260957.8,0.12877084165811534,69.18938805976379,Upper_middle,South America
Equatorial Guinea,3.72691622103387,88.18181818181816,,-1.5852869272232062,66.3495666503906,5.718,5327.719999999999,1.2846548301652099,-1.1504305124282819,178.0,30.118415455,12217673057.24314,-0.15294818878173813,-1.361886835098266,,0.62149657,60.8476,1450343.2,-1.934001636505124,,Upper_middle,Africa
Eritrea,62.70278826066262,8.793751510807208,,-1.328838658332824,48.02082214355468,81.116,621.554,,-1.7658300876617439,189.0,3.1005168,,-0.7179094195365904,-1.607753443717958,,0.7821907180000001,66.6532,3409283.6,-2.166521406173706,,Low,Africa
Estonia,23.00977758405676,56.50178683423536,43.620623037544156,1.336683177947998,100.0,28.57,14567.080000000002,1.7574361185200444,1.0908868789672859,18.0,88.667665818,27118919715.08714,0.625877571105957,1.237507605552676,5.159766006469728,4.960097692,78.04292682926832,1319491.2,1.195762944221498,2.441752441989326,High,Europe
Eswatini,70.02325581395351,28.71674418604652,7.420324986951771,-0.2162234291434287,70.40918420410156,67.566,1102.6,5.286594538992614,-0.5768304228782656,121.0,37.449481902,4283009341.1425524,-0.3795255541801452,-0.3464140295982362,5.680487251281738,3.2502905839999996,57.906600000000005,1151578.2,-1.398200893402098,10.440252045805765,Lower_middle,Africa
Ethiopia,33.332149265848365,15.31824008594234,11.779352454972301,-0.4882547974586486,41.81838897705078,90.252,15782.460000000001,11.305363158203974,-0.7026962637901306,159.0,15.374884989999998,80167752986.45076,-1.47394368648529,-0.4871774673461914,5.082981395721438,0.8448036800000001,64.8258,108242621.0,-1.271530961990356,,,Africa
Fiji,17.1975916803503,61.301587301587304,41.31934633628258,0.547999405860901,94.74954223632812,28.25,1314.84,2.88805347141071,0.2317824244499204,102.0,60.757339358,5198399051.339895,0.7331432819366455,0.01292788833379751,4.93645601272583,2.250683786,67.5154,918410.2,0.06993270367383954,,Upper_middle,Asia
Finland,7.47859623773971,73.73370453078155,23.70580682147808,2.1697420597076422,100.0,44.001999999999995,43382.740000000005,0.6021371243596265,1.9301534175872799,20.0,88.01841149399999,255035326468.09238,0.9602502346038818,2.026468896865844,6.5878500938415545,7.291432951999999,81.65170731707317,5504035.8,1.55728302001953,1.417148099910802,High,Europe
France,52.386767405037276,31.052109643379602,20.29516170651018,1.266260743141176,100.0,14.49,310048.36,0.8424403996641937,1.373228168487548,33.0,80.632247924,2605426231679.9717,0.10843586660921578,1.376557445526124,5.419301986694334,8.46439743,82.59463414634148,66947349.0,1.15350227355957,1.232459328211678,High,Europe
Gabon,8.35656459812939,91.4589979431055,14.9845501514269,-0.8140942215919494,88.31424475097656,86.568,5647.82,2.326694370574031,-0.8755817532539376,169.0,54.488486683999994,15415643476.11552,-0.10666110385209342,-0.6752246737480163,2.998730278015136,1.7227938420000002,66.072,2137947.0,-0.985658645629884,,Upper_middle,Africa
Gambia,63.04347826086954,25.6788537549407,14.934952705755899,-0.6462273299694062,57.92782852172852,48.2,597.22,7.141616381522415,-0.8377403259277345,155.0,22.860974398,1570389195.583004,-0.07875714711844925,-0.572520351409912,2.332804727554324,1.14383148,63.059400000000004,2381064.0,-0.7613385498523713,,Low,Africa
Georgia,34.375305799395605,40.6159159591308,36.08822467072968,0.7227477073669432,99.97999999999999,26.860000000000003,9878.98,3.928393106001458,0.4899564146995544,7.0,59.459835122,16281055243.8957,-0.42265732288360597,0.26790309846401217,3.54418077468872,2.7442714219999997,73.4494,3725499.0,0.24629745185375224,1.9620111259568975,Upper_middle,Europe
Germany,47.74966685545854,32.693728627277096,18.14943955691708,1.8235766887664782,100.0,15.424000000000001,717625.9,1.1386993126437719,1.5898873090744021,22.0,86.264157738,3676381856017.8477,0.6111197113990784,1.61794719696045,4.93246202468872,8.789864158,80.9619512195122,82538205.2,1.4030210018157958,0.9368889993878815,High,Europe
Ghana,54.10471697283994,34.90943130878088,27.84151776543328,-0.1772272124886512,79.24005340576171,43.85,15763.0,12.385786191599,-0.2739465057849886,118.0,35.37875667,60322749348.98772,-0.0026735782623290793,0.0667007366195321,3.8802822113037125,1.33625915,63.988,30208087.0,0.55565527677536,1.8244369079432619,Lower_middle,Africa
Greece,46.857128316524445,30.269981380915443,28.43357793881562,-0.0811933835968376,100.0,17.328,65333.159999999996,-0.11233171404756523,0.21688420474529257,79.0,70.74508513800001,201195657547.0628,-0.026054847240447803,0.1367881625890731,3.667498159408568,4.312323952,81.4278048780488,10761199.4,0.7062867403030395,0.8230030514277139,High,Europe
Grenada,23.5294117647059,52.058823529411804,67.56278049828056,0.45388786792755137,92.13815551757814,11.001999999999999,300.8,0.6891304493535272,-0.14409948438406,146.0,58.202438042,1112866666.6666675,0.9354596376419068,0.3382945209741592,3.6572012106577567,1.899039458,74.8422,120885.8,0.7097950339317322,9.404521506214703,Upper_middle,South America
Guatemala,42.21351250466592,33.245614035087705,9.86239008330777,-0.819215202331543,93.04885040283204,63.672000000000004,17506.28,3.742708945356056,-0.712129271030426,96.0,37.423263498,70078781075.02036,-0.593269753456116,-1.047381901741029,3.050015974044802,2.26897254,72.5728,16086700.6,-0.3205647766590118,29.1080970022403,Upper_middle,South America
Guinea,59.38222366921698,25.67556568451896,7.584716178641965,-0.9948915123939516,38.196276397705084,72.986,3380.4800000000005,9.632950101997544,-1.043383097648621,156.0,17.239256658,10602943625.883373,-0.640964925289154,-1.2308479070663458,2.324885988235474,0.645447188,59.015,12246035.0,-0.7789769172668456,,Lower_middle,Africa
Guinea-Bissau,28.626671408250377,71.3133001422475,13.422341969269528,-1.550045061111452,25.66754035949708,86.688,307.32,1.0597761273755217,-1.650106620788576,174.0,14.664018058,1304336040.237958,-0.5411931514739992,-1.377963471412658,,0.5217034220000001,60.0504,1879741.8,-0.6887723624706266,2.30285772681124,Low,Africa
Guyana,5.29337058674117,93.6903835407671,22.51192665600728,-0.38585496544837944,89.90107574462891,19.298,2483.066,1.0218007329907433,-0.309078311920166,134.0,46.4064450275,4694421812.357783,-0.13386462405324,-0.396532106399536,4.437202572822573,2.712599802,68.6544,772327.4,0.238697564601898,16.933098947598438,High,South America
Haiti,72.06821480406384,12.940130624092879,9.723118028120847,-1.30083544254303,42.87336547851562,76.208,3315.66,12.020006099881778,-2.086754012107846,179.0,25.829450852,15086443907.05246,-0.7241981506347657,-1.0687579274177559,1.627556586265566,0.497953824,63.751400000000004,10862801.6,-0.7587220907211304,8.8268078641887,Lower_middle,South America
Honduras,30.93216551970686,57.39629993743854,21.305429582248358,-0.708047378063202,90.156342,48.798,9907.52,3.706005046630102,-0.678170335292816,133.0,32.758484712,22998266482.0476,-0.5153567790985109,-1.04799611568451,6.160734844207762,2.923352766,72.69239999999999,9626764.8,-0.4790657937526704,45.83379375893357,Lower_middle,South America
Hong Kong,4.8,,53.820568238801,1.597941184043886,100.0,0.20400000000000001,,2.4366741858897143,1.8228108167648318,3.0,88.8189016,339264969153.2982,0.627527391910552,1.6899823904037479,3.4002240180969237,,84.66000000000001,7396320.0,0.379448452591896,0.3914495559801382,High,Asia
Hungary,57.90707867630944,22.544838921762,31.88380099409748,0.0739629406481982,100.0,14.546000000000001,46709.4,1.774040343578061,0.4686105847358705,52.0,77.058150106,144296457818.59662,0.735322391986847,0.47651274800300597,4.514813995361326,4.56776104,75.9668292682927,9798344.4,0.46584084630012523,1.494427130241417,High,Europe
Iceland,18.63035122696084,0.4914724692780593,39.731722598101236,1.8145586013793942,100.0,80.408,1739.8,2.157457653566238,1.42667520046234,26.0,98.64222253,22796171591.77356,1.399395966529846,1.618630909919738,7.528855991363524,6.768858624000001,82.67170731707316,344587.6,1.360583376884462,0.6408571916230698,High,Europe
India,60.31562832513225,24.00142607771452,11.6113660473855,-0.31323634684085844,92.19328063964845,32.995999999999995,2308840.68,4.1703390717628634,0.1151510216295718,62.0,19.840962292,2517679081361.5117,-0.8967689752578739,-0.044491161778569197,4.210694313049315,0.9590874420000001,70.368,1353562776.2,0.37689615488052375,3.0930121010406237,Lower_middle,Asia
Indonesia,32.89447403728004,50.1014903178077,6.120164977450527,-0.41169379353523283,98.13147348739645,24.21,532345.08,3.985331484577192,-0.02346661910414683,73.0,33.488238034,993944349044.4944,-0.5117658078670502,-0.35459656715393056,3.083970880508424,1.34016943,70.0578,264418145.0,0.1555980771780014,,Upper_middle,Asia
Iran,28.58466474562786,6.593888906868226,,-0.8534642934799193,99.97,0.986,619102.42,17.139299066850334,-0.3619528174400332,127.0,61.051438241999996,393227829050.0662,-1.1452611684799192,-0.7639985322952271,3.228038024902344,3.457634402,75.7986,84356782.4,-1.37465226650238,,Upper_middle,Asia
Iraq,21.47984004717502,1.90036118379833,12.24995269483812,-1.434686064720154,99.7755764770508,0.772,156349.82,0.46047733854384243,-1.24598581790924,172.0,27.865269309999995,196319564118.4064,-2.396033430099486,-1.7308224439620978,,1.4511251560000002,70.3862,39646227.6,-1.0309167146682732,,Upper_middle,Asia
Ireland,65.08927275366526,11.14553636231672,123.394806121082,1.5691735982894899,100.0,10.28,37422.38,0.2972746938543256,1.3508056402206419,24.0,85.021798816,342758334216.0924,0.9386124849319447,1.467007756233216,3.38675999641418,5.195844076,82.03414634146344,4813267.2,1.3037913322448742,0.7325965253036548,High,Europe
Israel,27.81515711645102,6.700554528650647,21.37214105635248,0.8745015740394597,100.0,3.992,64334.96,0.1500860805713376,1.294793820381166,35.0,81.821486402,352584906969.968,-0.9051514267921437,1.0267952322959881,5.944955921173095,4.6410281179999995,82.52341463414635,8715240.0,0.7036635518074034,1.406761211340068,High,Asia
Italy,43.35858917617166,31.80295563135858,11.5574666856793,0.14705572687089444,100.0,16.688,328501.48,0.5840082977939114,0.47781798839569084,58.0,64.956245588,1955748044228.6243,0.34385604858398444,0.2979652047157288,4.057154035568236,6.455819798,83.11560975609758,60409126.0,0.9858128309249876,0.6415143096350875,High,Europe
Jamaica,38.5041551246537,54.03785780240072,39.666721213434855,-0.21215731352567682,97.1868908691406,10.462,7769.3,3.61254034870234,0.5011819541454317,71.0,56.143135734,14927315650.0428,0.2983647882938386,-0.20506475567817678,5.321487998962402,3.8234111760000005,71.977,2806224.8,0.637554323673248,48.73717821348686,Upper_middle,South America
Japan,13.112757201646058,68.4164609053498,7.77777310258332,1.4626301050186161,100.0,6.895999999999999,1135762.8199999998,0.5220182679244536,1.6609027862548822,30.0,91.48880912199999,4907664088200.242,1.0359179496765127,1.4782095670700062,3.147839069366454,9.002828028,84.08917073170731,126926600.0,0.9799904942512511,0.2660078576914222,High,Asia
Jordan,11.685957595845299,1.0981856889832982,27.95387960564766,0.18529049605131157,99.9289178466797,5.75,24783.760000000002,1.378487557004638,0.09242981970310223,75.0,62.03093479,41592336507.04228,-0.4384477138519286,0.2523047387599946,3.1522399783134474,3.749339056,75.50919999999999,10166566.2,-0.7211374044418336,1.2492084052305419,Lower_middle,Asia
Kazakhstan,79.91450161129012,1.247158380560802,10.472391422628125,-0.664072149991989,100.0,1.906,205984.38,7.983282409015702,-0.06547280773520472,25.0,76.52518956600001,169895935232.4864,-0.04663930018432444,-0.5058477997779847,2.798084020614624,1.847575664,72.732,18032952.4,-1.208498358726502,4.889221351459765,Upper_middle,Europe
Kenya,48.64883859858734,6.282492884000422,9.914711810828344,-0.917956721782684,56.282521514892565,71.422,19246.68,6.162146894793298,-0.42428712844848626,56.0,18.636745683999997,83910703626.12924,-1.201934194564816,-0.45699701905250556,4.857476520538328,1.88860159,62.431,48919809.8,-0.22887222319841358,4.206337958894668,Lower_middle,Africa
Kiribati,41.9753086419753,1.45679012345679,52.7317236162079,0.3338537365198134,89.10479729253376,44.638,67.38,0.319159614595776,-0.1714885152876377,164.0,27.121408794,181804827.3795304,0.9293341636657715,0.4278105974197386,13.186682224273675,8.102435588,66.5986,120416.8,1.0458274841308604,,Lower_middle,Asia
Kosovo,,,30.142517894932098,-0.5187851071357727,,,,0.9908528214353884,-0.4195399940013885,57.0,86.66831439,7187557541.671786,-0.3509750813245776,-0.41284445524215696,,,78.8808,1788543.8,-0.1337064549326896,2.265180742280018,Upper_middle,Europe
Kuwait,8.42648709315376,0.350729517396184,28.70896705125394,-0.27777929604053503,100.0,0.026000000000000002,91458.38,2.0553827174726513,-0.12748952694237237,83.0,92.948303074,123814761441.6462,-0.01232646480202686,0.08874496184289456,,4.180725526,79.6902,4168003.4,-0.6319164752960206,0.7774961082242501,High,Asia
Kyrgyzstan,54.61584984358706,6.616010636079248,24.594052548524637,-1.0563367128372185,99.65693481445312,24.419999999999998,10141.08,2.548750116040206,-0.8148478746414185,80.0,48.549408555999996,7767318553.997012,-0.5386266946792604,-0.9690005540847789,5.903453922271728,2.458485652,71.16048780487804,6202720.0,-0.41178452968597423,3.298868181739844,Lower_middle,Europe
Laos,9.721317157712296,72.3526863084922,12.27420643801088,-0.9941697716712958,92.72178100585936,50.896,16493.46,1.8125393271802495,-0.5889503717422485,154.0,29.782538627999998,16858449915.18388,0.47917748689651507,-0.873381245136261,2.493265342712402,0.869469106,67.4086,6998751.6,-1.7659731388092041,,Lower_middle,Asia
Latvia,31.00422646118244,54.62548411461264,28.25873854771212,0.4220257639884948,100.0,40.326,7386.44,1.7182204288998606,0.9905588150024425,19.0,81.77387780000001,30897013009.89464,0.4357164025306702,0.8994903087615969,4.594169902801513,3.5621527219999995,74.77219512195123,1944061.6,0.8268674731254577,3.7469171410265636,High,Europe
Lebanon,65.53607038123168,13.83479960899316,55.25131563647932,-1.0440604567527754,99.80733551025389,4.396,27652.120000000003,1.7742451766948022,-0.5654686510562896,143.0,77.789931618,52122361116.73576,-1.646020436286926,-0.811957859992981,2.347826421260835,3.564765646,79.4706,6099911.4,-0.5175633192062378,3.48591481943055,Lower_middle,Asia
Lesotho,78.15085638998683,1.13702239789196,19.7171069475065,-0.06944658607244501,38.42214454650878,41.559999999999995,2249.88,4.8403072051029925,-0.8771732091903687,122.0,35.911118104,2343121845.288424,-0.274874860048294,-0.2942128479480744,7.8241127014160154,5.247230816,52.867,2171345.8,0.018023949302732857,,Lower_middle,Africa
Liberia,19.45508305647842,80.02720099667772,9.820179649158396,-0.777587914466858,20.59937839508056,92.47999999999999,1237.3780000000002,13.141523211416475,-1.3541745185852059,175.0,16.876518093999998,3351710000.0,-0.42460726499557494,-0.9640905976295473,2.378371620178224,1.405901096,60.4148,4797947.4,-0.07914089933037757,,Low,Africa
Libya,8.72387101174171,0.123327687918433,8.329136010689027,-1.563748502731326,70.41767730712891,2.9699999999999998,52182.78,14.61356221381223,-1.662161612510678,186.0,,62345447125.486374,-2.36374077796936,-1.67052867412567,,,72.23859999999999,6379914.6,-1.444119000434876,,Upper_middle,Asia
Liechtenstein,32.4375,41.875,,1.974192309379578,100.0,55.924,151.4715132,,1.6745220422744758,,96.8569495975,6421842745.29788,1.48024134635925,1.639777016639708,,,83.1726829268293,37903.2,1.288357281684876,1.571408911136406,High,Europe
Lithuania,47.31130189919055,35.0306498744595,32.43936004485198,0.5823599874973296,100.0,32.296,11376.2,1.7553506929922051,1.0308221101760864,11.0,76.934882446,48160304525.75222,0.7659246683120728,0.969316053390503,3.9808340549469023,4.347583483999999,75.28731707317077,2839444.8,0.9713878273963932,4.191955944401476,High,Europe
Luxembourg,50.98001134218442,34.4538272103664,275.740696725177,2.0328190326690683,100.0,14.081999999999999,9161.38,1.1535784171144492,1.68515739440918,72.0,97.211661512,65778303015.823044,1.3646614789962759,1.7555194616317742,3.6116952419281,4.413562394,82.40146341463415,595181.0,1.52061631679535,0.6418630381397448,High,Europe
Macau,,,86.05443270362093,0.6601847290992738,100.0,6.304,,2.7828077320116162,1.2346259832382198,,82.53584434199999,50155165118.40794,1.2860035181045542,0.8763302087783813,2.91916799545288,,84.5368,639036.0,-0.11537474989891057,0.24877489853748597,High,Asia
Madagascar,70.2904778274321,21.43255414231694,19.62367039748856,-0.992352902889251,27.65900402832032,82.886,3435.982,7.250749016285207,-1.231971192359924,161.0,7.1637993818,12842529222.81868,-0.3835219860076904,-0.853199338912963,2.691233587265016,1.866685606,65.1164,26180414.0,-0.3196621865034104,,Low,Africa
Malawi,61.70131523122613,25.113491726771322,5.8232349267490235,-0.7632463693618772,12.744,76.42,1392.158,15.382573770352,-0.7718976497650146,109.0,8.14783997,9395786721.617231,-0.20995632633566852,-0.3734515070915222,3.307127475738525,1.776682426,62.7918,17892190.6,-0.050172822829335995,,Low,Africa
Malaysia,26.086726525642938,58.69540709176685,24.3726474556424,0.14742193380370733,99.9475765991211,4.792,235867.26,1.9227517163438002,0.906706738471984,12.0,79.076210076,329137392345.93396,0.1777396008372306,0.4395189642906188,4.269233560562133,1.9560758360000001,75.4526,31954869.6,-0.27103646546602256,1.2353023639965006,Upper_middle,Asia
Maldives,21.3333333333333,2.73333333333333,87.61961258958972,-0.6143225491046905,99.91494537353516,1.224,1625.3799999999999,0.8719691599364193,-0.3496638268232346,147.0,65.466323878,4897262631.978726,0.23090954907238476,-0.517780590057373,4.225801324844362,6.408794213999999,79.9278,471308.4,-0.6262621223926544,3.1680386973914767,Upper_middle,Asia
Mali,34.72803415861464,10.896663634352,17.50998456877218,-0.6928982734680178,41.986343627929685,72.926,3637.5,0.010436098684318783,-1.0151305437088036,148.0,17.388218008,15369528832.433521,-1.8995555639266961,-0.8048682689666746,3.559857988357544,1.153804646,59.0566,19325218.0,-0.2724028646945954,,Low,Africa
Malta,32.34375,1.29375,204.5061861678406,0.6018307656049728,100.0,7.49,1548.34,1.1814978318056488,0.8931683301925657,88.0,80.496743906,13528162631.291561,1.1286787748336802,1.0251371502876283,4.917136478424074,5.553223514,82.4009756097561,471420.0,1.150236511230468,1.246743122929823,High,Asia
Marshall Islands,38.8888888888889,52.22222222222219,37.1066542590981,0.5692004442214966,94.10281677246094,11.994,149.1,,-0.207687333226204,153.0,29.257127926666666,209568248.5107422,1.0092456698417673,0.20597620925400398,13.393609364827498,6.7586683260000004,64.28,47128.6,1.1537685632705699,,Upper_middle,Asia
Mauritania,38.5272145144077,0.3193635393421948,13.0829483783384,-0.8308075308799742,42.43654373168946,27.310000000000002,3299.9800000000005,2.46963328775748,-0.8316455960273743,152.0,28.664136548,6946812566.000758,-0.6418446063995361,-0.7145575046539305,2.1860253413518267,1.288079832,65.0666,4162537.2,-0.8265428662300109,1.167969680390345,Lower_middle,Africa
Mauritius,43.064596895343,19.29494241362044,37.67967564333552,0.1768360599875452,99.73261248779298,9.873999999999999,4095.6799999999994,1.9105861781671738,0.9724490761756897,13.0,55.612001914,13497399110.25576,0.9223039269447328,0.7210667490959168,4.7471680641174325,2.58934455,74.3829756097561,1264615.0,0.7852778315544129,2.146976766508044,Upper_middle,Africa
Mexico,50.061575657810124,33.9902672393837,7.053951390187519,-0.9113070368766788,99.52000000000001,9.766,463850.57999999996,4.023823462428532,-0.10383590385317823,60.0,59.25899073400001,1215552420766.158,-0.7518362998962402,-0.5842359840869904,4.72716999053955,2.788532592,74.2898,122721509.6,-0.0460788123309612,24.49896727855808,Upper_middle,South America
Micronesia,7.142857142857141,91.90000000000002,,0.708224356174469,76.53648071289061,1.8559999999999999,146.94,0.5337843555274601,0.09405412226915372,158.0,35.0021384275,366670840.0,1.1129443645477282,-0.02309100236743685,11.899724769592282,3.222188902,71.373,110425.0,1.13977828025818,0.897839349605175,Lower_middle,Asia
Moldova,69.77144721080806,11.75274242737426,23.36709468568164,-0.8255603671073912,99.953765625,24.778,8341.02,6.097723354722374,-0.5758881151676176,48.0,49.552097222,9657939848.959526,-0.34721413254737843,-0.44039689302444457,5.790517330169678,3.7296528799999997,70.22,2753156.0,-0.0414723828434944,5.1152406913111905,Upper_middle,Europe
Mongolia,72.88447737578686,9.10326334091079,26.32720875613478,-0.4814054429531094,93.88395874023438,3.342,19948.3,4.979140707336693,-0.2605997979640959,81.0,33.338007152,12333308943.76006,0.7501079559326174,-0.2937604755163194,4.311122035980226,2.412401152,70.5242,3097351.0,0.2927566409111022,6.399505840039334,Upper_middle,Asia
Montenegro,18.69442379182158,61.486988847583596,45.81105234990224,-0.06671552378684278,99.8110366821289,40.792,2375.6400000000003,1.3260660073099504,0.13436865359544756,50.0,70.853506326,4867451311.236558,0.08767715618014324,-0.05842521367594607,,5.0406476,76.58,622218.0,0.08605816252529604,3.068089539019746,Upper_middle,Europe
Morocco,68.16323656733138,12.79397266412726,22.01005134490142,-0.26026011109352104,98.55999999999999,10.84,63787.94,1.2110368508132403,-0.2492794841527938,53.0,65.207535204,119357751641.12581,-0.3468976676464084,-0.24369699656963356,4.9835608482360865,2.157801724,73.624,35509551.2,-0.6451190948486328,1.644657207640206,Lower_middle,Asia
Mozambique,52.332656985172534,47.601711132022686,27.29420060237676,-0.8415374040603638,27.061007766723623,79.29400000000001,6857.94,8.55920927249077,-0.9161118626594543,138.0,9.3669758576,14414559115.549438,-0.8261088848114012,-1.0150439262390143,5.824003601074218,1.789625954,59.730399999999996,28563730.6,-0.4263885617256166,,Low,Africa
Myanmar,19.79571568034092,45.0564594731708,11.223651808459595,-0.6688737869262694,64.06545480729473,63.668000000000006,28034.26,7.330585866254213,-1.1332109689712522,165.0,21.971289464,66377305797.317505,-1.1312588334083564,-1.0482110023498528,2.205476522445678,0.827067328,66.0328,52274173.0,-0.9275666356086738,2.6784615637784563,Lower_middle,Asia
Namibia,47.14086166478396,8.322620218877919,11.250969771878188,0.289520925283432,51.88004776000976,29.964,4221.780000000001,4.856476547751262,0.18443709462881094,104.0,35.677083806,12235255981.174961,0.6520902276039122,0.33283611536026003,9.699791526794433,4.102430344,62.0672,2364582.8,0.5381454050540924,16.41238321167065,Lower_middle,Africa
Nauru,20.0,0.0,55.96669930678957,0.5393657565116883,99.68339538574217,0.43200000000000005,54.120000000000005,,0.004613177618011921,,68.561521725,109583340.8668778,0.9731578469276425,-0.28217031583189967,6.457233333587647,9.51873474,62.9354,11672.0,0.502877551317215,,High,Asia
Nepal,28.747820020927797,41.5907220090687,10.582931202070098,-0.7171700239181519,88.63177709960938,78.424,12037.42,5.983239449656276,-1.0040363192558284,94.0,25.1974272,29030841116.1586,-0.6847761392593383,-0.6486066520214084,3.490075206756594,1.030493426,68.7358,28198829.0,-0.2292149811983108,2.170437914030618,Lower_middle,Asia
Netherlands,54.17166617166616,10.890941490941481,42.218233269906605,1.83880054950714,100.0,6.7620000000000005,153781.54739999998,1.3271141155916577,1.808070540428164,42.0,92.102571646,841548125661.9496,0.8751828432083132,1.7983410835266098,5.304073905944824,6.666051482,81.75121951219512,17135606.2,1.51603343486786,0.6265188869849301,High,Europe
New Zealand,40.11469370703732,37.41968022483006,15.42494956475162,2.1862200260162377,100.0,28.933999999999997,32562.3,1.2015323053946851,1.7298819541931139,1.0,87.652744006,199687549317.6076,1.500464677810668,1.888038420677184,5.367791080474854,6.896708584,81.77858536585367,4803380.0,1.557500696182252,1.4011034296547322,High,Asia
Nicaragua,42.20541798238328,30.808791756689402,17.9977022028331,-0.9511384129524225,84.53882293701172,50.122,5256.6,4.338950398983217,-0.7717493653297426,142.0,31.438496294000004,13110595026.3011,-0.43698289766907694,-0.8709902048110962,4.318195152282716,4.88440533,73.5394,6480904.4,-0.8020348489284516,8.033044440397793,Lower_middle,South America
Niger,36.61087866108784,0.8817873213862792,10.724065395151133,-0.6382869124412536,17.44157012939452,80.77000000000001,2044.8580000000002,0.870396610418744,-0.7677196145057679,132.0,8.40879793625,11398939443.612665,-1.236632466316224,-0.629568612575531,3.4013614654541016,1.576362778,62.0446,21761648.0,-0.4472305566072464,,Low,Africa
Nigeria,74.70623757919124,24.2836825762816,6.46314847419855,-1.087862849235536,55.620000000000005,81.79400000000001,112044.46,12.940008537598597,-1.0978317737579355,131.0,33.986274684,433935656341.64197,-1.964559268951416,-0.9531337618827829,,0.5128125920000001,52.330600000000004,193570147.6,-0.3780372619628906,27.67249097159305,Lower_middle,Africa
North Korea,21.66763557844034,50.608587326634,,-1.486530399322508,44.18326110839844,16.612000000000002,42636.979999999996,,-1.6151421070098881,,,,-0.5926914393901817,-1.671898794174194,,,72.9592,25511507.4,-2.200537204742432,,Low,Asia
North Macedonia,50.134813639968264,39.655352894528164,25.700724435621037,-0.3480642199516296,99.93274169921874,20.44,7289.539999999999,0.6074320383978689,-0.02951145209372048,17.0,75.526895936,11466692133.66088,-0.2221353841945529,-0.30037679672241197,,3.9903090500000005,76.00146341463417,2074025.8,-0.12019443437457075,1.1744517988655934,Upper_middle,Europe
Norway,2.697836989782624,33.29368987113,22.94714227139988,2.124844360351562,100.0,59.102,39055.04,2.505759725552538,1.8568293809890761,9.0,96.991558608,401878560338.546,1.1481127500534059,1.962749791145324,7.762794017791748,8.821936798,82.6078048780488,5271981.2,1.681771922111512,0.5005401835217704,High,Europe
Oman,4.680588045234248,0.0087883683360258,18.183156658086098,0.27859626710414875,100.0,0.006,73014.45999999999,0.7573511911866919,0.1284575171768666,68.0,81.264093344,82852587776.33292,0.7016669273376464,0.4207149028778076,,3.91565175,77.899,4467125.0,-1.074233388900756,0.3804058277644338,High,Asia
Pakistan,47.54955375674554,4.988216064757159,4.982752033759042,-0.8437030673027038,92.55365875244141,44.182,182993.25999999998,5.207248015115768,-0.6859172344207762,108.0,13.915269696000001,325967353000.3796,-2.369637966156004,-0.7395649790763856,2.350195121765136,0.8339059859999999,66.2224,216779710.4,-0.7583134412765502,3.9384465762644196,Lower_middle,Asia
Palau,9.34782608695652,89.48260869565217,64.46625532769322,0.5393657565116883,99.90040130615235,0.5900000000000001,210.21999999999997,0.7403615653420321,0.20564849078655262,145.0,,286974871.25,1.0497239112853998,0.9184271574020396,,5.989989184000001,,17845.4,1.162644815444946,7.013750775278551,High,Asia
Panama,29.712521590617598,57.29510424243358,28.83171752551622,-0.5750108122825625,93.07182586669923,22.19,10883.48,0.4316428385684322,0.11453806720674038,86.0,58.118000396,62243631340.0,0.3402783155441286,-0.0903061860240995,3.01799364089966,4.561411476,77.7178,4095457.0,0.5518657207489012,10.431559644429953,High,South America
Papua New Guinea,3.031400432804842,79.39882564147861,9.509023394415205,-0.9357731461524963,18.26837219238282,54.048,6803.280000000001,5.278978879799262,-0.6895149707794188,120.0,12.1722515005,22817172143.92902,-0.5946309983730315,-0.8072523951530457,1.919880032539365,1.5417386279999998,65.06,9113570.4,0.09877376481890679,,Lower_middle,Asia
Paraguay,42.29131638560282,42.69563050591492,10.410128355871116,-0.8590913653373715,99.26630639999999,60.489999999999995,7588.539999999999,3.5102020794071565,-0.7686503410339357,125.0,59.54147196,37889812841.27612,0.0123932905029506,-0.6350308060646055,3.329081010818482,3.136309146,73.5116,6354664.6,-0.0183619610965252,9.074496533974147,Upper_middle,South America
Peru,19.19277984375,56.909192187500004,7.371576789615304,-0.5403541505336762,94.7207078446364,27.45,55450.04,2.742289036989598,-0.255434376001358,76.0,50.353918324,208726379138.4594,-0.2621932864189148,-0.5211288928985593,3.8500319957733162,3.12733221,75.8908,31695786.6,0.25033891499042504,7.577285030949151,Upper_middle,South America
Philippines,42.205453264916,23.75801053090516,18.07219725662716,-0.537700092792511,92.7086040649414,28.256,130066.62,2.496498204813162,0.05300210043787949,95.0,40.965322374,335443781977.2946,-1.089388573169708,-0.4971797704696653,3.5487481117248523,1.5306289679999998,71.545,106718954.4,0.0843221493996679,6.975859728236758,Lower_middle,Asia
Poland,47.19079229787536,30.85345248419508,17.95721855144556,0.6774542212486268,100.0,13.002,301670.58,0.9154945411977117,0.6007903337478637,40.0,75.052139726,531323075599.0292,0.5798407793045046,0.5127837240695954,4.666928005218508,4.509053706,77.71268292682927,37974310.0,0.8083953261375416,0.7116977279365682,High,Europe
Portugal,40.64923934781282,36.154994891142,22.91293127836724,0.8250597953796388,100.0,27.258,49169.14,0.7591687816991037,1.1834899902343738,39.0,72.570997722,221895626554.034,1.0271469116210914,1.0920253515243519,4.795447254180909,5.751596642,81.3346341463415,10310782.6,1.1715512752532962,0.7674863927860254,High,Europe
Qatar,6.30113141862489,0.0,29.639912219565097,0.7856359481811523,100.0,0.05800000000000001,87267.26,0.8949444224611531,0.7464176535606384,77.0,96.940798226,166855496235.6186,0.7698525190353395,0.7233449339866638,2.88561999797821,2.8366391660000003,80.62039999999999,2659092.2,-1.197248220443726,0.3813378371345368,High,Asia
Republic of the Congo,31.125036603221098,64.3900439238653,23.133630819813167,-1.3358632802963242,46.11827468872072,68.402,5956.46,2.0337151219204093,-1.156269383430482,180.0,8.129307995,12790190244.53958,-0.4467811703681946,-1.138421869277956,3.899712991714478,1.017163588,63.474000000000004,5315069.0,-1.154687809944154,,Lower_middle,Africa
Romania,59.107267037552184,30.091411682892918,18.65739133801164,-0.190486866235733,99.53680297851562,23.598000000000003,73648.14,1.5306813725563793,-0.08904120326042167,55.0,64.670628556,213530500977.6198,0.21510462686419501,0.3754239052534104,3.2273760318756097,4.169425534,75.27951219512195,19590443.2,0.5348194301128387,1.413582606467164,High,Europe
Russia,13.1584362579663,49.77735415863958,9.699697395619925,-0.8833839416503905,98.93763885498048,3.242,1624643.1400000001,6.721769194118274,-0.1848350942134856,29.0,76.541139624,1512982333867.496,-0.7424292087554928,-0.82148220539093,4.094381046295168,3.16395173,72.20643902439024,144364025.2,-1.099381160736084,9.49561818678491,High,Europe
Rwanda,80.01621402513175,11.05796513984596,20.579221565979218,0.5760059595108032,34.16536657714844,84.178,1267.688,4.203809794867681,0.04378173872828485,38.0,16.971602014,9295221321.73402,0.0345706284511834,0.08508597910404199,3.303806114196778,2.282690288,65.9328,12234206.6,-1.129826712608336,3.0133761027938517,Low,Africa
Saint Kitts and Nevis,23.0769230769231,42.3076923076923,70.23595323470158,0.42498804926872236,100.0,1.44,243.58,-0.7321360494232244,0.38028129041194897,139.0,78.2530931525,1041227407.4074093,0.6356184720993043,0.4799562573432922,2.995430994033814,2.194814538,71.4764,47767.2,0.9057387351989746,46.05432329670233,High,South America
Saint Lucia,16.2950819672131,34.0491803278688,68.22612136115468,0.5921016216278077,99.73850708007812,10.629999999999999,520.02,-0.2965700079620096,0.2292421646416188,93.0,66.776770026,1965799392.5925941,0.9421388506889341,0.615056884288788,3.8678706645965564,2.005234694,73.2358,177134.0,0.9541553854942322,21.43293471811242,Upper_middle,South America
Saint Vincent and the Grenadines,17.9487179487179,73.1794871794872,46.65456281583966,0.7088801980018615,99.83160552978515,4.8,242.84,0.7014594940472623,0.3138352066278458,130.0,56.91366861,847998518.5185187,0.923628568649292,0.47532922625541696,5.2530405521392805,2.692461492,73.991,105639.8,0.9243174672126772,31.275538196570402,Upper_middle,South America
Samoa,22.191239799679682,58.256183745583016,37.503708004076415,0.5114875495433806,98.5670166015625,36.184000000000005,252.32,1.791774211855841,0.6248007178306579,98.0,41.363523486,868863715.8566837,1.160095810890198,0.9254710674285885,4.316796827316284,4.26824317,72.4876,207670.2,0.7711154818534853,4.78534636025916,Upper_middle,Asia
San Marino,38.3333333333333,16.6666666666667,88.086157341459,1.167776584625244,100.0,,,0.588536975910942,1.561679506301878,92.0,64.016505775,1537581407.252,1.35169446468353,1.52166793346405,3.416979503631592,7.447885705999999,,33958.8,1.171332025527954,,High,Europe
Saudi Arabia,80.76253180691168,0.4544841349217791,13.31822088277218,0.22567790374159807,99.95,0.014000000000000002,546101.14,0.5603054498205664,0.22319665849208842,63.0,85.54116951,747125490630.5004,-0.6082062244415282,0.14970492124557497,,4.2461189625,77.1316,34240947.0,-1.7222359418869018,0.7175749972737415,High,Asia
Senegal,48.50360982703992,42.5292681660001,13.68111411053522,-0.03160860156640408,64.62,37.332,10338.7,0.9023494358128312,-0.362754899263382,123.0,29.708903795999998,20866467904.246742,-0.09436462968587869,-0.1780152171850204,5.100420856475828,1.0666932340000002,67.74980000000001,15168204.0,0.28514567315578476,0.267518151792543,Lower_middle,Africa
Serbia,39.5152069517494,31.11317173565062,24.50071992568446,-0.39647648334503177,99.92786010742186,20.946,46322.04,1.890961057625916,0.01830585061106832,44.0,70.696437014,45336518593.15288,0.07572183851152658,-0.13934645205736143,3.6660100460052485,4.960176372,75.66829268292683,7020480.4,0.09727780763059865,1.32629467441686,Upper_middle,Europe
Seychelles,3.3695652173913,73.2608695652174,133.0619880910828,1.0256886243820185,100.0,1.25,566.74,2.332188140386018,0.5656621634960175,100.0,62.88009008,1522659278.43279,0.7005032420158386,0.2653600364923474,4.341568374633792,3.4590758800000003,73.95853658536585,95665.2,0.18579474538564672,8.835757390205767,High,Africa
Sierra Leone,54.71044610695479,35.93890274314216,15.079475671616759,-0.6469775021076203,22.431723403930658,74.704,1091.56,13.32630996533754,-1.218757772445678,163.0,12.7909072826,3999177424.8904395,-0.0917315103113652,-0.8183071494102478,5.045340633392334,1.269123126,58.8592,7678872.0,-0.19505258500576023,1.69519956395093,Low,Africa
Singapore,0.9269801800895966,22.62721740979992,104.77799574501516,2.0870278358459458,100.0,0.746,45620.240000000005,0.10505081812039282,2.2304043769836417,2.0,85.8438849,344801710896.49255,1.4647597551345801,1.797861075401308,2.81599726676941,2.094973348,83.11560975609756,5619356.6,-0.15290059894323346,0.22261583933130719,High,Asia
Sint Maarten,,10.8823529411765,86.38242619600427,,100.0,0.05,,0.8779066435028317,,,,1373039792.7495599,,,,,75.83,40374.2,,,High,South America
Slovakia,39.21597937826818,40.02803687038802,20.57932349271124,0.1559473618865012,100.0,13.8,31973.120000000003,1.129062874323754,0.6660316586494446,45.0,80.607757962,97270630622.57393,0.7761015653610228,0.5097312271594999,4.127506017684936,5.43336878,77.16536585365854,5438949.8,0.9094762802124023,1.2167882406311028,High,Europe
Slovenia,30.52061585669764,61.76699348332846,28.46844268152804,0.8050161600112913,100.0,20.708,13780.86,0.8435373666253898,1.055711984634398,37.0,78.06818499799999,49005573119.563,0.8977118492126467,1.0193612337112419,4.86275796890259,6.044240664,81.17756097560975,2071448.0,0.9904011845588677,0.687004299894531,High,Europe
Solomon Islands,4.237227581279024,90.21650589496248,23.12177075400152,-0.13821203559637074,62.27562255859374,48.664,300.58000000000004,1.1046066780060932,-0.9268470406532288,136.0,15.2802813725,1478364544.308724,0.43398154079914103,-0.258463343977928,,3.138887784,69.9854,643727.6,0.4205260932445526,,Lower_middle,Asia
South Africa,79.4178502831612,14.145108771814119,8.755094981370245,-0.06958914473652841,84.66,8.128,434446.22000000003,4.986739288959148,0.09843656867742549,84.0,58.836677054000006,369266974180.32043,-0.23506110608577718,-0.09981812722980987,5.61949405670166,4.6334270459999995,65.1896,56873335.4,0.6415771245956418,35.27978356046916,Upper_middle,Africa
South Korea,17.23381278680574,64.77722513300475,13.86732163334346,0.49695559144020063,100.0,2.91,618353.88,1.0962378947732327,1.099275410175324,5.0,93.997828424,1593117874578.228,0.37518648803234117,1.1033498287200942,4.451663494110107,4.232994794,82.55609756097562,51388908.2,0.7160994648933408,0.6369587344848429,High,Asia
South Sudan,44.806256230911664,11.3256215087114,28.883754834560484,-1.75550377368927,5.474880352020264,30.880000000000003,1761.0400000000002,158.27208799297694,-2.3257196903228783,185.0,4.2,11997800760.2242,-2.436728858947752,-1.967662715911866,1.51547610759735,0.7156201000000001,55.6562,10752325.0,-1.8387032270431518,,Low,Africa
Spain,52.654344961761105,37.149400662345485,16.366372276401883,0.5983219623565675,100.0,16.354,254097.34,0.7255225972813151,1.0385552525520327,31.0,84.13582227399999,1311796007767.294,0.2965399712324142,0.9687176585197458,4.225048065185546,6.399839496,83.34146341463415,46690944.2,1.034743428230286,0.6523969354544216,High,Europe
Sri Lanka,44.838632496819,34.2994180307659,13.088919351034118,-0.3715976357460022,97.73553619384765,47.234,22133.44,4.2189650589016185,-0.11808253163471805,99.0,33.45746547,90207664987.37012,-0.07171308808028687,0.040963733405806044,2.480062514543535,1.6275920400000001,75.4834,21548400.8,-0.10724498648196461,2.564990368064206,Lower_middle,Asia
Sudan,60.11709635974303,10.103825481798712,5.266786811701382,-1.49704487323761,52.8796630859375,59.903999999999996,21228.72,36.25960187580454,-1.566576790809632,171.0,20.799999985,76463723444.93875,-1.995151829719544,-1.191168880462646,,1.325106124,65.2882,40691865.4,-1.791541695594788,,Low,Africa
Suriname,0.546153846153846,97.6337435897436,20.558520048982423,-0.2942778378725054,96.55325897216797,14.276,2585.3332,28.101078195110745,-0.5424182593822477,162.0,49.542297104,4009515633.396454,0.13358311653137206,-0.1472632333636284,5.3849910497665405,4.135717344,71.9208,587700.6,0.38345361351966856,6.09687648524568,Upper_middle,South America
Sweden,7.3977981839043565,68.6954106131807,26.53845884395492,2.1103281497955324,100.0,51.81,37372.0,1.2939339643118462,1.674000859260558,10.0,91.40156355799999,530222420652.78876,0.9670098185539242,1.867287468910216,7.582140064239502,9.169737244,82.51804878048782,10046814.0,1.567684960365296,1.093870736443628,High,Europe
Switzerland,38.261310711636,31.860237560155802,37.45096424178388,1.979284596443176,100.0,24.398000000000003,38462.780000000006,0.05089642946248181,1.974168372154234,36.0,90.249195592,704830462112.713,1.2977501392364519,1.89113688468933,4.98787202835083,3.56132517,83.54195121951223,8439436.6,1.5468299865722641,0.5763585323643826,High,Europe
Syria,75.78519740783096,2.84310842454937,,-1.6201151847839381,88.94411468505858,0.968,26135.54,,-1.7448730707168578,176.0,32.593884902,17906820155.67794,-2.790148067474366,-1.933053708076478,,,68.313,19316903.4,-1.9679458856582641,,Low,Asia
Tajikistan,35.24187621586568,3.04056488219612,8.685998338314478,-1.286615848541258,99.06077758789061,43.532,6844.44,5.859570159859246,-1.0926247239112843,106.0,20.47,7773213069.562052,-0.7194118142127988,-1.23471257686615,5.43930826187134,1.963472508,69.99600000000001,8928008.2,-1.6948842048645019,,Lower_middle,Europe
Tanzania,43.89828403702868,53.23097764732446,11.141421812652865,-0.525264245271683,32.7495704650879,85.406,12010.359999999999,4.608078188689846,-0.7152397990226745,141.0,14.97629788,53698731708.4747,-0.48216546177864056,-0.481034654378891,4.0047438621520985,1.5155203099999999,65.912,56234935.8,-0.3245944857597352,5.658328547439528,Lower_middle,Africa
Thailand,44.77703478243848,39.11331206326214,25.66132126144952,-0.4765202403068544,99.82104162597656,22.996,268571.4,0.3447965554872462,0.24735466837883,21.0,52.636584418000005,464350060342.1454,-0.8064159154891968,-0.023632590007036842,3.463364696502686,2.780560494,78.35940000000001,70847040.2,-0.9804690837860116,,Upper_middle,Asia
Timor-Leste,22.95628782784128,62.229993275050425,37.188297598744825,-0.5112524390220642,79.82219271376006,13.652000000000001,529.12,0.5904676451531874,-0.9835406780242927,181.0,23.920911226,1687841680.0,0.05063957497477532,-1.150427961349488,5.316277599334718,3.9104438299999997,67.7226,1243178.6,0.285691800713539,4.06364834348278,Lower_middle,Asia
Togo,70.2334988049274,22.3965802537231,15.337989782931402,-0.7390897750854493,48.3963737487793,78.604,2156.42,0.8981941412243948,-1.1152591228485114,97.0,13.403510426000002,6447183889.169258,-0.6151865124702454,-0.683079993724823,3.89993567466736,0.971237124,60.049,7855430.2,-0.6718992710113525,,Low,Africa
Tonga,48.6111111111111,12.4305555555556,35.60816545358348,-0.29892481565475454,98.52716253662109,1.8960000000000001,132.48,3.05057198726319,-0.10854873061180101,103.0,47.998180484,463777335.303532,0.8816386818885803,0.2634599506855012,5.100636641184487,2.9506473079999997,70.72619999999999,105469.0,0.6396054029464722,5.2315042060130335,Upper_middle,Asia
Tunisia,62.667996910401655,4.493692070030896,18.65033093763614,-0.13081998378038392,99.94,12.164,30951.18,5.480657226334352,-0.07983170095831156,78.0,56.498190554000004,43379043503.7159,-0.9737362504005429,0.04179861545562742,6.22044992446899,3.2194987779999997,75.85319999999999,11807448.8,0.2330368369817732,4.73885918894881,Lower_middle,Asia
Turkmenistan,72.0064690485817,8.78215904496414,,-1.352683639526366,99.97999999999999,0.06,63655.619999999995,,-0.9266808867454521,,18.079365563333333,39178742857.14286,-0.12093438040465128,-1.45205066204071,3.19200992584229,1.1141458260000001,68.8546,5965372.2,-2.180995941162108,1.09253010288946,Upper_middle,Europe
Tuvalu,60.0,33.3333333333333,103.9130762925001,0.11375041287392376,98.5623733520508,6.066,8.120000000000001,,-0.7351662874221802,,31.166666666666668,45171210.820087805,1.305030369758604,0.5617160260677337,,12.341619108,64.16120000000001,10875.6,1.108145308494568,0.0,Upper_middle,Asia
U.S. Virgin Islands,10.628571428571412,55.59999999999998,,0.5764338374137881,100.0,4.95,,,0.96385169029236,,59.60831579999999,3859800000.0,1.036898303031921,0.8131692171096816,,,79.34829268292681,107235.8,,,High,South America
Uganda,71.8880909634949,12.276371434270901,13.68281892674626,-1.092887020111084,32.16106985473632,91.14,5328.0,4.39787562236264,-0.6361495137214661,116.0,5.9235630184,32122165396.577564,-0.6977580308914186,-0.3342617809772492,2.2303701877594,0.686792398,62.1108,40163443.0,-0.6259731769561767,11.2960492341889,Low,Africa
Ukraine,71.51360958216114,16.69290239811776,24.32219514985896,-0.8917121887207029,100.0,6.094,185577.03999999998,19.17789419670523,-0.4937031149864196,64.0,58.690618484000005,116250295615.57199,-1.7961394309997558,-0.7895074367523194,5.386129665374756,3.49945712,71.57136585365853,44799713.0,-0.015475233923643823,4.92703750558496,Upper_middle,Europe
United Arab Emirates,5.414108701774149,4.46775556181357,,1.089981317520142,100.0,0.28600000000000003,189521.78,1.7583664791090041,1.425190448760988,16.0,94.70398592,395017350739.2554,0.6512351751327514,0.7567336201667786,3.86020994186401,2.331577968,79.48299999999999,9066256.8,-1.104411768913268,0.6838257581616836,High,Asia
United Kingdom,71.77802835530943,13.0889100152937,23.61243077995782,1.810232663154602,100.0,9.136,371312.9,1.593032898068288,1.504505443572998,8.0,92.08185770600001,2803982654528.248,0.3674764409661292,1.645641040802002,5.369346046447754,7.809049034,81.20585365853658,66016668.4,1.320152044296264,1.14249315943098,High,Europe
United States,44.327566929254395,33.8800448651095,6.991962834926366,1.300723624229428,100.0,9.790000000000001,4899515.76,1.5530227434211603,1.476528882980348,6.0,85.060540188,19658500312600.0,0.3629293054342272,1.5300784587860101,4.958498096466064,8.549773026,78.6390243902439,324820205.8,1.0255004763603213,5.07487120177004,High,North America
Uruguay,81.4465775339961,11.2375728488173,15.74343652733948,1.2407137155532841,99.781896,60.141999999999996,6527.7,8.002459897065869,0.5027656853199006,101.0,73.07430363,61483764299.15792,1.0271248936653128,0.6175922632217407,4.448668003082276,6.060372452,77.5596,3418847.0,1.177985525131224,9.695635677252584,High,South America
Uzbekistan,57.96962350312435,8.193503957534084,10.38346979994099,-1.160373497009278,99.95834960937502,1.624,108961.78,12.56168536284974,-0.6532126188278196,69.0,52.778257022000005,69513897607.42746,-0.30028003752231597,-1.116038846969602,5.4148660659790036,2.1234358319999997,70.9466,32414370.0,-1.783980560302736,1.71064588957626,Lower_middle,Europe
Vanuatu,15.3404429860541,36.2838392124692,58.16975660882402,-0.13481467152014376,59.79634725952148,33.158,154.2,2.300669614840936,-0.7441457211971284,107.0,33.476376342,848617099.1221652,0.6857939660549168,0.33465643972158443,3.9702934424082437,1.788600684,69.709,290319.4,0.621371579170227,0.657020510537788,Lower_middle,Asia
Venezuela,24.3750354288306,52.66463352417664,,-1.439513516426088,99.66459533691406,14.898,138208.26,188.3433100396595,-1.457757210731504,188.0,59.86666666666667,,-1.2273569107055669,-2.220660161972048,,1.73355974,72.2294,30126389.8,-1.262469553947448,49.21637598325982,,South America
Vietnam,,,,,,,,,,,,,,,,,,,,,Lower_middle,Asia
West Bank and Gaza,71.38513953488372,1.6843853820598,14.564127029077161,-0.26220335215330126,99.96000000000001,12.081999999999999,,0.5620302700180281,-0.635620939731598,117.0,62.984515482000006,15783180000.0,-1.8939523935318001,-0.46645026206970197,4.789240042368573,,74.7654,4469275.6,-1.010984683036804,0.7106517938693988,Lower_middle,Asia
Yemen,44.38676439949238,1.03983180862549,5.0771277961493855,-1.638476824760438,70.04946502685546,2.692,11162.84,,-2.03481276035309,187.0,25.127657533333334,30552676019.49625,-2.830745029449464,-1.664898037910462,,0.4330447,65.51219999999999,30032428.0,-1.688903522491454,,Low,Asia
Zambia,32.0141513875624,61.042863100122396,10.325348887379139,-0.543086189031601,38.0013119506836,82.28,6511.1,10.240504576598642,-0.6951573371887206,85.0,12.47999942,23540681130.56402,0.07703531682491281,-0.3454630851745606,4.251976013183594,1.9435035939999998,62.0514,17306083.0,-0.269700427353382,5.24980259388253,Lower_middle,Africa
Zimbabwe,41.8766963939511,45.451182628925935,7.637596642635105,-1.288346862792968,42.4454069519043,81.53,10695.02,52.56863618329758,-1.281298518180848,140.0,24.370216242,22816998895.17788,-0.7229544758796692,-1.34426374435425,3.93463492393494,1.3695303559999998,60.662400000000005,14753106.8,-1.16818368434906,5.01070211371923,Lower_middle,Africa
